norad,name,family,alt_km,inc_deg,raan_deg,a_km,ecc,mass_kg,w_0.004,w_1.0
20625,SL-16 R/B,SL-16,842.2312023686673,70.9989,53.5223,7220.368202368667,0.00124943,9000,0.09732172543624974,0.09287954865442978
16182,SL-16 R/B,SL-16,836.8258288559928,71.0027,254.6567,7214.962828855992,0.00052617,9000,0.0,0.0
28353,SL-16 R/B,SL-16,843.6336415755231,71.0017,347.9773,7221.770641575523,0.00065955,9000,0.09453189752844361,0.09516485551785137
23405,SL-16 R/B,SL-16,840.34699089887,70.9834,106.7321,7218.48399089887,0.00039293,9000,0.10002389765014909,0.09549750447429592
19650,SL-16 R/B,SL-16,838.3358161990664,71.0001,265.6637,7216.472816199066,0.00148725,9000,0.0,0.0
23088,SL-16 R/B,SL-16,842.225106411759,70.9977,185.7269,7220.362106411759,0.0001679,9000,0.09756995120349143,0.09620142030391798
27006,SL-16 R/B,SL-16,995.6430628023364,99.7816,353.3039,7373.780062802336,0.00151213,9000,0.0,0.0
22566,SL-16 R/B,SL-16,841.2475589765172,71.0087,330.0601,7219.384558976517,0.00091777,9000,0.0961923635625973,0.09523131317368154
26070,SL-16 R/B,SL-16,839.4519202992351,71.0009,212.1888,7217.588920299235,0.00166766,9000,0.0,0.0
22285,SL-16 R/B,SL-16,840.7278468011391,71.022,118.9285,7218.864846801139,0.00029302,9000,0.10046287246575747,0.09967601492067724
17590,SL-16 R/B,SL-16,834.9220234431887,71.0032,30.326,7213.059023443188,0.0007065,9000,0.0,0.0
31793,SL-16 R/B,SL-16,842.8150383098773,70.9763,286.704,7220.952038309877,0.00023208,9000,0.09213456802098348,0.09338525591264203
23705,SL-16 R/B,SL-16,840.5780469148058,71.0225,294.8264,7218.715046914805,0.00146357,9000,0.09846406891654944,0.09681618167872472
22220,SL-16 R/B,SL-16,835.9435326678886,71.0012,302.1014,7214.080532667888,0.00150388,9000,0.0,0.0
49051,SL-16 DEB,SL-16,839.2146201064088,71.0208,120.2933,7217.351620106408,0.00040518,9000,0.0,0.0
24298,SL-16 R/B,SL-16,850.991656809083,70.7654,287.9593,7229.128656809083,0.00169315,9000,0.08990735135601323,0.09088605588814416
22353,SL-16 DEB,SL-16,848.0908271212538,70.9666,197.5037,7226.227827121253,0.01127733,9000,0.09256495243768137,0.08938796395736125
22803,SL-16 R/B,SL-16,834.6651385257946,70.9903,124.646,7212.802138525794,0.00160816,9000,0.0,0.0
19120,SL-16 R/B,SL-16,826.5995392358782,71.0128,181.7946,7204.736539235878,0.00212162,9000,0.0,0.0
25400,SL-16 R/B,SL-16,804.8919260190423,98.8372,139.9328,7183.028926019042,0.00105615,9000,0.0,0.0
27386,ENVISAT,ENVISAT,761.5754843822351,98.3841,136.5827,7139.712484382235,0.00013998,7800,0.0,0.0
27001,METEOR-3M,PAY,1003.004951323246,99.8238,12.2687,7381.141951323246,0.00140082,2500,0.0,0.0
24277,MIDORI (ADEOS),PAY,790.3852189061863,98.799,240.1766,7168.522218906186,0.00023136,3560,0.0,0.0
27601,H-2A R/B,H-2A,778.9556194527258,98.3321,141.659,7157.092619452726,0.00701952,3000,0.03574894595022698,0.04216125884595289
15334,SL-12 R/B(2),SL-12,840.0450419788931,71.0038,302.9432,7218.182041978893,0.00054364,2440,0.0,0.0
38179,CZ-2D DEB,CZ-2,814.5510380714104,98.8297,208.431,7192.68803807141,0.01283447,4000,0.0,0.0
24279,H-2 R/B,H-2,1081.5255624273768,98.7588,121.5089,7459.662562427376,0.0299827,2700,0.0,0.0
23704,COSMOS 2322,PAY,846.3359420730958,70.9855,316.2552,7224.472942073095,0.00083573,3250,0.0,0.0
8073,SL-8 R/B,SL-8,977.0634072848234,82.8994,20.6283,7355.200407284823,0.00199835,1435,0.0,0.0
28352,COSMOS 2406,PAY,852.0595661202433,70.9953,63.4816,7230.196566120243,0.00066712,3250,0.0,0.0
23087,COSMOS 2278,PAY,844.367841777892,71.0545,290.5482,7222.504841777892,0.00101517,3250,0.0,0.0
19119,COSMOS 1943,PAY,839.7166478263371,71.0035,0.3935,7217.853647826337,0.00094669,3250,0.0,0.0
27597,MIDORI II (ADEOS-II),PAY,793.8741603596773,98.7886,144.7648,7172.011160359677,0.00018861,3680,0.0,0.0
25861,SL-16 R/B,SL-16,623.4502085739759,97.9828,244.266,7001.587208573976,0.00136024,9000,0.005000448807602038,0.012637512854980404
15772,SL-12 R/B(2),SL-12,818.5659749280412,71.1061,201.3263,7196.702974928041,0.0037082,2440,0.0,0.0
10693,SL-8 R/B,SL-8,972.0272581781456,82.9863,208.9267,7350.164258178145,0.00221995,1435,0.0,0.0
17973,COSMOS 1844,PAY,843.7616877806358,70.8981,148.2299,7221.898687780636,0.00319909,3250,0.0,0.0
25261,ARIANE 40 R/B,ARIANE,770.5482421298348,98.8137,216.8417,7148.6852421298345,0.00046056,2575,7.695666425495575e-05,7.511381734075325e-05
12682,SL-8 R/B,SL-8,967.7834996985866,82.9154,64.0062,7345.920499698586,0.00352755,1435,0.0,0.0
21257,SL-8 DEB,SL-8,970.3313740585764,82.9204,299.2347,7348.468374058576,0.00334862,1435,0.0,0.0
24773,SL-8 R/B,SL-8,985.3168844298544,82.9209,83.8257,7363.453884429854,0.00255773,1435,0.0,0.0
18403,SL-8 R/B,SL-8,975.1154180312578,82.9191,149.4182,7353.252418031258,0.00563196,1435,0.0,0.0
17755,SL-3 DEB,SL-3,843.3018546669446,81.2543,8.7695,7221.438854666944,0.00679647,1100,0.0,0.0
23604,SL-8 R/B,SL-8,983.2570939842772,82.9023,218.1302,7361.394093984277,0.00250809,1435,0.0,0.0
20624,COSMOS 2082,PAY,842.8274470824863,71.0401,135.7349,7220.964447082486,0.00140267,3250,0.0,0.0
17526,SL-8 R/B,SL-8,973.752114452107,82.9005,90.0983,7351.889114452107,0.00416102,1435,0.0,0.0
9044,SL-8 R/B,SL-8,976.483539269342,82.9872,355.8544,7354.620539269342,0.00148282,1435,0.0,0.0
12782,COSMOS 1275 DEB,OTHER,984.158135751978,82.9987,94.8994,7362.295135751978,0.00740341,800,0.0,0.0
17360,SL-8 R/B,SL-8,974.3200751757668,82.9207,324.3797,7352.4570751757665,0.0031203,1435,0.0,0.0
