draw,flips,value_gain
0,4,0.011593919233648012
1,4,-0.015010058389595536
2,3,-0.007341760635384201
3,6,0.006997570575918035
4,5,0.01696446526194999
5,4,-0.006581554667359249
6,5,-0.002687452559607788
7,5,0.020315363569319105
8,5,-0.0005556963426521992
9,4,0.012690533958597807
10,6,0.04653978410546753
11,5,-0.002458672433809017
12,4,0.014810291148280332
13,6,0.02167071125806859
14,6,-0.004689326260096677
15,4,0.019480319819722158
16,6,-0.013901303015175627
17,4,0.015490615872283285
18,6,0.02929888849814263
19,5,-0.03599552342182557
20,5,-0.002028839298890572
21,3,-0.00590526023465367
22,3,-0.0037805993711266476
23,3,-0.01934299625814294
24,5,0.005038270351672914
25,4,0.0027980077226439984
26,5,0.002847503167992296
27,5,0.006759679388534575
28,5,0.039187338127067345
29,5,0.018040795836193693
30,4,0.0059570211570290545
31,5,-0.015530209487136728
32,5,-0.027611620179258712
33,5,-0.00609017638048178
34,4,0.0013114628833415596
35,4,0.012049021634905252
36,3,0.017698488026779258
37,3,9.617397331255724e-05
38,4,0.023510668932731578
39,5,-0.0033786475154942513
40,5,-0.02488058700967614
41,4,0.008895703343092134
42,3,0.022026368500249353
43,5,-0.014694869651353866
44,6,0.017116767841398782
45,2,-0.017611136804610274
46,2,-0.0016804141684094792
47,5,0.030970402005883045
48,4,0.012331394069980295
49,4,-0.013402014274764854
50,2,0.011380610741635286
51,4,0.0010988224656264265
52,4,0.009198224066501164
53,3,0.0013796308444989826
54,4,-0.0007971306129389569
55,3,-0.02667763609370826
56,6,0.02491335807416661
57,6,0.01982864826152949
58,4,0.013682935142296442
59,4,0.01377789671394174
60,4,-0.0228571617868444
61,5,0.007577911463447378
62,5,-0.03789141776271723
63,7,0.028871377784833594
64,5,0.003650436495106904
65,4,-0.029884555860454187
66,4,-0.01656167621560366
67,6,0.03435259639360926
68,6,0.001963679562491739
69,5,-0.0321986326174913
70,5,-0.004539129445417137
71,6,-0.003000860617440774
72,5,-0.03677603557802222
73,5,-0.0033343334070940157
74,5,-0.001997457137851328
75,4,0.013291385652227566
76,5,0.010185775220885162
77,4,0.03676109211828427
78,5,-0.0017890667211534746
79,4,0.012606268758254834
80,6,0.04409254573005666
81,5,0.03742444752031114
82,5,-0.03901390213085472
83,5,-0.024636727990403725
84,5,0.03620000392960753
85,4,-0.0035404111143096523
86,5,-0.007620588699069911
87,5,0.004021816346488743
88,4,-0.014367158769985915
89,3,0.0018829397671665266
90,5,0.029588452025266297
91,3,0.0045774657975925686
92,5,-0.014445735932059925
93,4,0.001204874886367924
94,5,-0.02373595822198383
95,4,-0.014585131848256104
96,6,-0.002905338110256319
97,5,-0.024806597872373264
98,5,0.0061066634723135355
99,3,0.012776008391460675
100,2,0.010131938599597278
101,4,0.00693395215012289
102,2,-0.0015487149974491962
103,5,0.008511756578668634
104,5,-0.011831776864946558
105,5,-0.013711738327357373
106,4,-0.024563221986798632
107,4,0.010841583192070762
108,5,3.1970868890714555e-07
109,6,0.008966731473891789
110,4,-0.005512700744760511
111,5,0.019672575433243297
112,4,0.01514004426120429
113,4,0.00033842993038002596
114,4,0.0016858239127129535
115,3,0.005768822108636497
116,5,-0.00491365542669861
117,5,0.0017031062431843574
118,6,0.015196965863725664
119,6,0.02919083048833066
120,4,-0.013492584849750232
121,5,-0.0039316697217271265
122,5,0.01519552206380988
123,3,-0.01280070605814043
124,6,0.03730431584171131
125,5,0.03094634265262611
126,5,0.01072607867300675
127,2,0.02738220259803449
128,6,0.02341867637667431
129,6,0.02513035689778007
130,5,-0.012620627922875029
131,7,0.03294995084009568
132,4,0.011027133765041526
133,4,0.01394627594055741
134,3,0.009770404861448843
135,5,0.013438972356298524
136,4,-0.014926889617810607
137,7,0.0065792232759094545
138,6,0.010367739939113555
139,3,0.01541808122383485
140,5,0.00024424076085393027
141,4,-0.022338803617675488
142,5,0.014179393640845297
143,3,-0.007895912892691596
144,4,0.010427745481845427
145,5,-0.02570629822283708
146,3,0.011573639245879662
147,4,-0.0320619498234058
148,4,0.0013394753259253736
149,3,-0.002434733232095337
150,4,0.042480114921539615
151,4,0.0390081310739158
152,5,0.013087469311759574
153,4,-0.00738621093015798
154,4,0.04283674326792383
155,5,-0.007016390761640955
156,5,0.0033279449742697805
157,3,0.004976416585066963
158,6,0.026382800687717468
159,4,0.022744790599820274
160,6,0.011720907747347553
161,5,0.02757103542253606
162,4,0.013690724927732406
163,3,-0.026932789815887773
164,5,-0.003373007010432655
165,3,0.023767359598545916
166,7,-0.024770693161480964
167,5,0.024062305571980618
168,7,0.027864548121651116
169,5,0.03211727542091343
170,4,-0.012461025933264416
171,5,0.0005070891368595693
172,5,0.03313325542872189
173,5,0.043201508461627174
174,4,0.020713092506910176
175,5,-0.007828794158395276
176,5,-0.008649751257323056
177,5,0.011390901500398941
178,5,0.016872664269303502
179,4,-0.0002721657781199249
180,4,0.009026715593880064
181,5,0.00961099345205689
182,6,0.007377160090252197
183,4,-0.007792756138304711
184,5,0.014117307131118565
185,5,-0.00082205350669801
186,3,-0.00800346990097506
187,8,-0.019561899400583248
188,4,-0.004021238011343795
189,5,-0.017584731893591943
190,4,-0.013813936116285893
191,3,0.004062410675794624
192,5,0.02231088802508879
193,5,-0.006818436320064593
194,5,0.009146251875239146
195,4,0.007890417707500187
196,4,0.004319352169961605
197,4,-0.003808792404049347
198,5,0.0017872440652582145
199,4,-0.013921738385411376
200,4,-0.004751707743987787
201,4,-0.001680319778382694
202,5,0.0006153314587656203
203,4,0.025967008243219118
204,4,-0.008610907646770362
205,4,0.009065512380543728
206,5,0.040318241556833355
207,4,0.00028898942217638464
208,5,0.019145984132079522
209,3,0.010296113097147064
210,5,-0.029146544208876482
211,3,0.003064780269150854
212,2,0.0013848828099717323
213,5,0.011031252880390465
214,2,-0.008933551935723445
215,2,0.004497713885345856
216,5,-0.003676680254139132
217,5,-0.0074989363762950284
218,3,0.009102408668921813
219,5,-0.0019988093985395697
220,7,0.019482416163437072
221,4,0.012826723333936828
222,5,-0.008015242034359646
223,4,0.032449505708229964
224,5,-0.008575582395552327
225,3,0.011140580246796188
226,4,0.0106139746409578
227,6,0.027644561745318128
228,3,-0.005814881503854359
229,4,-0.023643477353142407
230,3,-0.00970356425488352
231,7,0.012561700731693298
232,4,0.026991293845103865
233,4,0.01076887304577762
234,5,0.025169636627806396
235,4,-0.014006298951357495
236,4,-0.013351510013661357
237,5,0.0033906883744023054
238,3,0.004582434563877807
239,4,-0.017054290600751094
240,6,0.021898512579767174
241,5,0.0049374532924185595
242,4,-0.00207020670317015
243,4,0.040515349919942954
244,5,0.009613925544749295
245,6,0.02426141541990652
246,5,0.008020670096156176
247,5,0.03702148062085865
248,4,-0.0033470189200825637
249,6,-0.004861220210198802
250,5,-0.009030478990841834
251,4,-0.003041623223745331
252,6,0.037848822911804476
253,5,0.008594070612722313
254,5,0.02701382917626168
255,4,0.008329385188673337
256,4,0.0017409835421506956
257,4,-0.012113819180106192
258,5,0.006150858456202705
259,4,-0.014946295445571498
260,4,-0.0034996117931756585
261,6,-0.00729837057236911
262,5,0.018367300268586812
263,6,0.012406670599869753
264,3,-0.0013042445780750297
265,4,0.03786280290358255
266,3,0.0030430119821367113
267,5,-0.015751451577638652
268,4,-0.0014126509634292037
269,4,0.009958193714325702
270,4,-0.009680782197627457
271,5,0.009664252748622216
272,6,-0.0043873064773308264
273,3,0.007675716412630111
274,5,-0.008058693685456185
275,5,-0.008321613724058478
276,5,-0.014409009357909865
277,4,-0.0065101218324572
278,5,-0.03374923008846719
279,6,-0.009520989123941408
280,6,-0.025019868478881886
281,4,-0.00482441662662186
282,3,-0.007128663181859931
283,4,-0.012654168353593495
284,4,0.012603121058699401
285,4,0.009967776060691831
286,6,0.024834792576795224
287,5,0.015705144986766322
288,3,-0.012386266264563286
289,2,0.006812552930381104
290,4,-0.001445906336311805
291,4,0.006112202786685495
292,5,-0.027177817983041763
293,5,0.006769487628962295
294,5,0.0015240822374469627
295,3,0.01202006129875595
296,4,-0.0063830905979634115
297,4,0.011365717474248787
298,2,0.019522574047340573
299,4,-0.02097979538225207
300,5,-0.019834919642522132
301,5,0.017012707677062432
302,3,-0.012296730236005748
303,5,0.02144266766678876
304,4,0.013442109494690428
305,2,-0.013554883114059994
306,4,-0.013044809719291155
307,5,0.032927000552790645
308,5,0.02175572351872249
309,6,-0.0029985998319925567
310,6,0.008673681491294175
311,4,0.020444933453389862
312,3,-0.01323063314313322
313,4,-0.03039325669545241
314,5,-0.02939638034923738
315,4,0.004991512855087972
316,6,0.045318776706282975
317,5,0.05252102298509807
318,5,-0.013190858456136418
319,6,0.016079291300973964
320,4,0.02162003454081561
321,6,0.008895158276892516
322,4,-0.00941340956630947
323,6,-0.00031183642903596145
324,5,-0.03621053841500834
325,3,0.02745841050866489
326,5,-0.0015283546560793501
327,4,-0.04356506915995667
328,4,0.013314887451693846
329,5,-0.008774523839323388
330,5,0.030869794167321263
331,5,-0.0038085879745310787
332,5,-0.001243245729691372
333,2,0.0016958125460513828
334,4,0.003112688190962237
335,4,0.0003863881978001376
336,6,-0.01815300013400943
337,3,0.0068604020961757495
338,6,-0.002943434512539517
339,6,-0.008141736105103797
340,5,-0.03553961861800252
341,5,-0.023678144944366427
342,5,0.0018816332234272107
343,3,-0.016241658805301706
344,7,0.04163802161184507
345,2,-0.020488425463919654
346,5,0.007407726816287214
347,6,0.034077343264904185
348,5,0.03104149789657918
349,5,0.00856875584107483
350,4,-0.0006787816892340493
351,4,0.010027925199281976
352,6,-0.004500971746456663
353,5,-0.009815788457089428
354,5,-0.004442177585736775
355,5,0.00804063699585613
356,5,-0.020611079171580133
357,7,-0.014292413570629164
358,5,0.02567206054167234
359,3,-0.007142252457081637
360,3,0.016675538596276455
361,4,0.012070247298754692
362,6,0.023432934904880968
363,3,0.006047220768292659
364,7,0.011516536026566776
365,5,0.00019151294193775982
366,7,0.012083547769900319
367,4,-0.00445845620919908
368,5,0.02227030006296597
369,5,0.017633924052009833
370,4,-0.011631240461687339
371,4,0.012816266632468909
372,3,-0.013080390927373273
373,6,0.029556000807181303
374,2,-0.009254075436907455
375,4,0.0066176478523483
376,7,0.03957150199789602
377,4,0.015329788674451231
378,6,0.014216609113047151
379,6,0.004086603917536949
380,4,-0.02910679610166029
381,5,0.0016494400500100964
382,4,0.013494610230919505
383,4,-0.015611339585672167
384,4,0.003953338034778735
385,4,0.008690730360265854
386,4,-0.03346229547898272
387,5,0.0018388536123920363
388,6,-0.013450824306553128
389,5,0.03502883256615577
390,4,-0.007429115930077597
391,6,-0.036330786148002475
392,4,0.01249345370842601
393,4,-0.015587178571014142
394,5,0.0028673579507770166
395,4,0.004702513325606086
396,3,-0.025379499730041843
397,3,0.02327532454767159
398,4,-8.92031038666123e-05
399,6,0.02514580799447898
400,6,-0.008558122869070364
401,4,0.006594756668944922
402,6,-0.01024742563195504
403,3,-0.010435487283552071
404,5,0.011995319268119057
405,5,-0.019999840983988746
406,4,0.05159166582079348
407,5,-0.005814403879366384
408,2,0.004855430255587263
409,4,0.013661852886101488
410,5,-0.014067722138475723
411,3,0.02272147443337177
412,7,0.01655371628444087
413,5,0.002654394609922175
414,6,0.04620619288691951
415,3,0.002843155615618817
416,5,-0.004603802830926259
417,6,-0.03297306580102743
418,4,-0.011450696366653223
419,5,0.0004360798298605494
420,4,0.020890071141080782
421,2,-0.0015338902014573716
422,5,0.003645158061239439
423,4,-0.027352159380060047
424,3,0.0027560021933459087
425,3,0.015861053783389294
426,4,0.004973483663747502
427,3,0.020445126680804036
428,6,0.0015042224009886678
429,3,-0.014644040579440753
430,3,-0.024486603175518692
431,4,-0.0007376392772466495
432,3,0.019858623586944135
433,6,-0.00503026468806846
434,4,-0.02058213483518677
435,6,0.0034187775301962767
436,6,-0.02600538182985697
437,5,0.00819642619278486
438,4,0.01286291145784313
439,5,-0.0008065759519643311
440,2,-0.0019577659646924615
441,6,0.008447319646486482
442,4,-0.0022303958889101
443,3,0.0052616802030397624
444,5,0.016499541361692856
445,6,0.027933139779952564
446,3,0.013543494890089366
447,6,-0.0060940361284231226
448,5,-0.0006666081302027422
449,6,0.06441233660027933
450,5,0.009050823258399109
451,4,-0.015815054939060658
452,5,0.006749426572339042
453,6,0.008686565914736188
454,5,-0.006418335260613839
455,5,0.041434186672763246
456,4,-0.014943800917570922
457,4,-0.006859674028816967
458,6,0.02126880422478652
459,3,-0.023868715573079353
460,7,-0.00022681594081159728
461,6,0.013231658017479256
462,7,-0.0022329856719902758
463,5,0.012659070890959193
464,4,0.007882997105144098
465,6,0.02457549394902535
466,3,0.03160998213121075
467,3,0.04829268759122905
468,2,0.009239743612220245
469,5,0.027403320643755728
470,4,0.0007387899088502212
471,4,0.0007901233446164584
472,4,-0.02104409551408917
473,5,0.0001965658861543141
474,3,-0.02309994423656258
475,5,-0.015357729998142567
476,4,0.045854581896614274
477,5,-0.0035598034751511912
478,5,-0.021948948500422533
479,6,0.015350186708376179
480,6,-0.0022261765029969053
481,5,-0.030601400328385448
482,6,0.021419063237751473
483,5,0.01974409630907843
484,4,0.002391904769433296
485,3,-0.003953471561785155
486,3,0.020907785459167095
487,4,0.014623601265113605
488,4,-0.010198928300360323
489,6,-0.002495845414586302
490,5,0.028814898052472542
491,6,-0.03539789741351581
492,4,0.03216762473387537
493,6,-0.031476152292612795
494,5,0.023549502820013876
495,5,-0.014366335536789874
496,6,0.012192498330629404
497,5,0.004783820750933616
498,4,0.04894046178172397
499,5,0.01418844650332636
500,5,0.030174553579129113
501,5,-0.019767828217165866
502,5,-0.0019078448051643344
503,4,-0.014325569138313968
504,3,0.009332143567704164
505,5,0.001351542594321539
506,4,0.007376032178141637
507,5,0.003141042866349548
508,4,0.011047376651604717
509,3,0.011795264751970397
510,7,-0.010793574860467791
511,4,0.020161235664759993
512,4,-0.0006295314155453419
513,5,0.01630797407070797
514,4,0.030883336621098614
515,3,0.02440264855562276
516,6,-0.0075944104010161745
517,5,0.005370626667731019
518,3,-0.015249075473843276
519,5,0.011477834071045353
520,5,0.009643000100655226
521,4,0.013162450127713018
522,6,0.008255008580896757
523,3,-0.001339752259186697
524,4,-0.002598981376987051
525,5,0.010455051122400617
526,4,0.001860828099426766
527,5,0.00901807700790447
528,5,0.018184371482398085
529,6,0.03216682872137581
530,5,0.02108097676800836
531,5,-0.008222190235299359
532,4,-0.013704106524559972
533,7,-0.018735463612895274
534,5,0.024725913778201394
535,6,-0.003324238447345185
536,3,-0.0055931008604468485
537,5,0.004659539672597163
538,5,-0.008365139927072853
539,4,0.01486474468643432
540,4,0.03792141075336315
541,4,-0.013516477900196553
542,4,0.04290064960877526
543,4,-0.00693812695456132
544,4,0.0007112867867294932
545,7,0.020495668415082186
546,5,-0.034262582826883534
547,4,-0.023344058185540487
548,2,0.0007520136471635076
549,4,0.04717717640053188
550,5,0.017640753257856537
551,3,0.01610418186537426
552,4,0.02033138390687309
553,5,0.016442746799380525
554,4,0.015890447460765667
555,7,0.06671086318250603
556,5,0.007534846129270373
557,4,0.01981200927500881
558,5,-0.02151150463233489
559,7,0.0030168216031627097
560,4,-0.0019143982704842718
561,5,0.01270698573141851
562,3,-0.033828130778451995
563,5,0.01918686972292643
564,6,0.02968967452250236
565,5,0.02455343655155308
566,4,-0.00564576742595423
567,6,0.0007539170683514907
568,3,0.004415465008007741
569,3,0.01687390499912272
570,6,-0.01152515644944451
571,4,-0.011655006748759463
572,4,-0.008950682919721792
573,4,-0.01820472003349433
574,3,-0.029569868966291296
575,3,-0.008931108760768351
576,5,0.013510397249149665
577,4,-0.015431007125168225
578,2,0.00881548882049422
579,4,0.0007629821213962212
580,6,-0.03096736204136707
581,5,-0.00915721914432801
582,7,0.057557094629875835
583,4,-0.012354375521160327
584,4,0.015409015529857645
585,4,0.031972095252234864
586,4,-0.00733360525851632
587,7,0.06676476248344157
588,3,-0.0038075724790634477
589,5,-0.00888399222224649
590,3,-0.004613654371190913
591,3,0.0036791779027419425
592,7,-0.009259294550483015
593,4,0.005896761732828359
594,6,-0.0021782494287582773
595,4,-0.005860980471374164
596,5,0.014881967299883612
597,6,0.034318209826510036
598,5,0.013733127956376469
599,6,-0.0351454641782787
600,5,-0.003243998594976269
601,5,-0.009651825099750468
602,5,0.02574684120743047
603,4,0.013897845347649542
604,6,0.008022842415651238
605,6,-0.017800305658418596
606,5,-0.02388505364801903
607,4,-0.00890987694067654
608,5,0.0399980772299425
609,5,0.007534197392694621
610,5,-0.01777176235350399
611,7,-0.007060760063406623
612,4,0.030560354576503516
613,3,0.001057324185253054
614,7,-0.00394931618595569
615,7,-0.0010435236077146394
616,5,-0.012069113583996231
617,4,0.0002280273662212431
618,5,-0.0014553695945761253
619,5,-0.018545175724970542
620,3,0.030070648320436526
621,5,0.06323388521205885
622,6,0.017278161181596783
623,3,0.0016508364793376893
624,2,-0.0010545861834764631
625,4,-0.0013653581822612281
626,5,0.029912815493699067
627,5,0.014384787811493086
628,4,0.0426240463803397
629,6,0.0034947004580129885
630,3,-0.011227865159026181
631,3,0.01895195458476258
632,4,0.01286705031156468
633,6,-0.010973959162786246
634,6,0.04675655398137083
635,3,0.0027750703367670237
636,4,-0.007893124626927605
637,6,0.02706439732222176
638,5,0.007856687629675264
639,4,-0.017083212773797072
640,5,-0.0038964504867737256
641,7,0.03927812403995438
642,6,0.009094806338128016
643,6,0.01524896527808252
644,4,-0.0025839766826611897
645,4,0.022139940743476017
646,6,0.017008581011678212
647,4,0.02218005005187307
648,7,0.03888999165322275
649,5,-0.025048901502217932
650,3,0.004210345655396311
651,4,0.059066469204615606
652,6,0.009131203134060264
653,3,-0.01181936828777697
654,4,-0.0048123034668083
655,6,0.0355994503970174
656,5,0.009521108192048652
657,3,-0.02268317423983918
658,4,0.02542030234236537
659,3,0.012196879622603726
660,4,-0.008809912807657638
661,4,0.0444441559065574
662,5,-0.02613755864785119
663,3,0.003622464888192679
664,3,0.017398173304671707
665,4,0.001067360599207656
666,4,-0.04051268063953205
667,6,0.005023932787437853
668,5,0.013805904446036587
669,3,-0.008516347918394347
670,2,-0.0076173966457269105
671,6,0.004075644609963908
672,4,0.005700064338573304
673,4,0.0175136727983434
674,4,0.020338862104841402
675,3,0.0054568418242672565
676,6,0.0215252169077449
677,5,0.006450145814621531
678,3,0.015312748198975453
679,4,0.0026571029484535576
680,4,-0.0039321509890321085
681,4,-0.002061376895175626
682,3,0.012133280802883619
683,2,0.009127631019143656
684,7,0.003081974697017644
685,4,0.007376566213993881
686,5,-0.009847069493423772
687,4,-0.010210838935274623
688,4,-0.00786934426563033
689,4,0.0030821981990061453
690,3,0.01781400924800242
691,5,0.027441087092001736
692,4,0.01963142189709783
693,5,0.029842813580054074
694,4,-0.004010615727414417
695,3,0.011496390173790269
696,4,0.017506297430566475
697,3,0.025422647677368647
698,3,-0.03109896128705862
699,5,0.0028917246405674034
700,7,0.03889088081430409
701,4,0.0017849500585411285
702,4,0.0017000031740547527
703,2,0.010765489402279615
704,5,0.003444406744663135
705,6,0.0047424687116758655
706,4,-0.007010356235412993
707,5,0.011839885236849836
708,7,-0.0003092078017576123
709,6,0.014401897621654844
710,5,-0.0008634268532767153
711,4,0.0004740764524615009
712,5,0.015615642066780174
713,4,0.011535472194680742
714,5,-0.0045444601830832735
715,3,0.012652491561790128
716,5,0.0045159722903411175
717,5,0.030091781561463256
718,4,0.007151281836827374
719,4,0.024671964147546577
720,5,-0.014738130630280061
721,7,-0.022648824236739057
722,4,0.009144324269232122
723,4,0.017892590049632305
724,5,0.006013318435505168
725,6,0.007201743556368875
726,5,-0.010191855893147963
727,5,0.0046207871097215195
728,4,0.031802912083600435
729,5,-0.004184424247700593
730,4,0.02322574525101903
731,5,0.00969889836421031
732,4,0.005672973144782382
733,6,-0.0020174353269022697
734,5,-0.012014511714059326
735,6,0.02250358000517545
736,4,0.007017721953437564
737,4,-0.016333225420687405
738,6,0.003242506726927418
739,4,0.00736441500594643
740,5,-0.02414147896740716
741,5,-0.0049805542874091354
742,4,-0.010852319500812446
743,6,0.04629726380987154
744,3,0.03310435256388278
745,4,2.0241345879855615e-05
746,6,-0.009809005179390644
747,5,-0.004111861422474367
748,3,-0.0071487312337196
749,3,0.008344131486988064
750,6,0.008476448162378357
751,5,-0.030068330270482533
752,4,0.003916673203347406
753,5,0.058729311217632946
754,5,-0.005208595932692355
755,5,0.024347695008944875
756,7,-0.012151391388996877
757,3,0.0014767919389528192
758,5,0.021892210434737533
759,3,0.01276360407120174
760,4,-0.012520647066724603
761,8,0.023393851703755762
762,4,-0.0060506431093460215
763,4,-0.019587096128650033
764,3,-0.00631793188637834
765,5,-0.01798840043015902
766,6,0.004166436793479172
767,4,0.05429363741038379
768,4,0.02403802544283032
769,6,0.0122439350820845
770,4,-0.006884566701478954
771,5,0.0027981369375199745
772,7,-0.023377888677952298
773,4,-0.010709882343757563
774,4,-0.005282484930217848
775,4,-0.006247142993441852
776,5,0.003287850731530063
777,4,-0.010899230123759906
778,4,-0.009281634715147905
779,3,-0.012658728932141494
780,4,0.01803421422564945
781,6,0.014242308837360731
782,6,-0.002220184628416523
783,5,0.023363316766884686
784,3,-0.004935325301375266
785,6,-0.00041534140155355186
786,6,0.001921343335932223
787,4,-0.009396736444070635
788,3,-0.0031735000700820887
789,5,0.020043853428558914
790,6,-0.012929931293647954
791,5,-0.0037104396306650534
792,4,0.0363917692512555
793,5,-0.012098176667825028
794,5,0.036800001249599666
795,5,0.015300674404996719
796,6,0.021254646389051363
797,6,0.010675095295720126
798,4,-0.027954915017504214
799,4,-0.008541459239806013
800,4,-0.011686978420801665
801,4,-0.01243495978465608
802,3,-0.005258716259511914
803,5,0.022531276153115672
804,6,0.011225926586723221
805,4,-0.007100986402115994
806,5,0.03256395369765034
807,5,0.01089207694380152
808,4,-0.009386317486123749
809,6,0.018673985354969717
810,6,-0.02171272608188304
811,3,-0.006322564080212638
812,3,0.004853768927777808
813,5,0.02014851709964364
814,4,-0.019065917396006053
815,3,-0.002010042348167915
816,4,-0.011075126575655589
817,4,-0.021918885030034082
818,3,-0.001911190052885173
819,4,-0.010954256812465186
820,3,0.008601173303788545
821,6,0.022272999336856402
822,3,0.007477165436935475
823,5,0.014101509326517955
824,4,0.01932537550703106
825,5,-0.003503666855013623
826,6,-0.0037655518009688423
827,6,0.027747027363143783
828,5,-0.001909841860879789
829,5,-0.016274282528659947
830,3,0.0047972057792028625
831,6,0.014347253638856467
832,6,0.004335078982652139
833,3,-0.02844389418303982
834,5,0.011008724566268738
835,3,-0.006092311209462295
836,5,0.0236213860695071
837,5,0.021357997735014397
838,3,0.014539393631181199
839,6,-0.03267536574509955
840,4,0.010923038900532634
841,5,-0.011119313900732643
842,5,-0.02678494804364047
843,3,0.011441464344973592
844,6,-0.024669215033849903
845,4,-0.018464266855349798
846,4,-0.00418886352453012
847,4,0.02084513454163243
848,4,-0.004175280783700669
849,3,-0.004699383847408366
850,4,-0.008412085036554745
851,6,0.021655105687813474
852,5,0.002679551880493419
853,3,0.028168453625845316
854,5,-0.021017331833471185
855,5,0.039695700217836055
856,5,0.07525472535210755
857,5,0.006665707372007061
858,3,0.004956930865726491
859,4,0.03433403907556828
860,4,-0.004426145537444579
861,4,0.019661907428112746
862,4,-0.01759127800688139
863,6,0.04320336202286126
864,5,0.011614748765880572
865,4,0.01414874174572353
866,5,-0.01820996343491018
867,3,-0.020388217752170673
868,4,-0.01593230701463186
869,5,0.025377377773101804
870,3,0.013240617806172875
871,5,0.002621691366907795
872,5,-0.008828146615102745
873,3,0.028888265264853653
874,5,-0.029064016740019592
875,5,-0.014563592670789677
876,4,-0.021559527939003963
877,6,0.03817326186831781
878,5,0.039259525126112
879,3,0.003648263456597439
880,4,0.020832874840721927
881,4,-0.022840824039679224
882,4,0.025472049679577374
883,3,-0.0029905554026971146
884,6,0.04861290872343716
885,7,0.055202045157379455
886,6,0.02183711451744337
887,3,0.003159995891066078
888,3,0.010726648423304843
889,6,-0.0031334522943340516
890,5,-0.007876940814050397
891,5,-0.014337429665860471
892,6,0.023859352604291582
893,3,-0.023807470412099994
894,3,-0.01366110015462077
895,4,0.03028860823463359
896,5,0.008945131652844709
897,4,0.027977506558339176
898,6,0.047029929773939425
899,6,0.04190586795606754
900,4,0.011486238323247348
901,5,-0.011243249260162106
902,4,0.006829820635233217
903,4,0.004110753190617348
904,4,-0.009488435639205829
905,4,0.015869271641491364
906,4,-0.006262454799585041
907,5,-0.017022636729587662
908,3,0.015017022530069805
909,2,0.005298872124277971
910,2,-0.0023919448968373947
911,8,-0.01307157377805165
912,4,-0.033079180924204955
913,4,-0.019241135485200445
914,5,0.03451336928173164
915,6,0.01633088524925383
916,4,-0.018748419358240228
917,6,-0.0087328148228887
918,2,-0.00333327108444185
919,3,-0.019305997932739093
920,4,0.012646110912801206
921,5,0.00787845537608508
922,4,8.090305653004918e-05
923,4,0.020808457095649296
924,3,0.02263234480641299
925,3,-0.02820391958334093
926,5,-0.0067209950506909
927,4,0.009731480819019785
928,5,0.012181885234531217
929,4,0.005610408925325553
930,4,-0.001002973676900862
931,5,-0.007259213245573494
932,4,-0.00016579353889904127
933,4,0.009699508752051346
934,4,-0.012495985064758202
935,4,0.00410681648810505
936,4,0.04467418293045034
937,4,-0.006203722680505655
938,4,-0.021284382770495606
939,6,0.018690884268172694
940,5,0.006670703149904264
941,3,0.00912803308456428
942,3,0.00659896026353955
943,3,-0.013386172003648686
944,4,0.041101540108134264
945,4,0.01283190363351236
946,4,-0.018609000710910546
947,3,0.011041965326538802
948,5,-0.0063356885119948666
949,5,0.006476695773649636
950,4,-0.005114655328451784
951,4,-0.005232398962852918
952,6,0.019930620411125557
953,3,-0.0036871516970164494
954,7,-0.017519842190586922
955,5,-0.006933593063809969
956,5,-0.02102821522805842
957,4,0.011098090467519648
958,4,0.035185006773369415
959,5,-0.018683041806652763
960,5,-0.029127798444045668
961,5,0.02269318141977006
962,5,-0.009412952341435793
963,5,0.009872319566031995
964,4,0.02429097884329424
965,4,-0.022936234138963653
966,5,0.02710055159710732
967,4,0.011311325028233433
968,7,0.02281355681757602
969,3,0.017082609082298608
970,5,-0.012668850000436462
971,4,0.02376606524888807
972,5,-0.01351329597427617
973,5,0.021631861219163814
974,3,-0.0037041538098958548
975,6,0.0016832867823863736
976,6,0.025873169087224777
977,4,0.0028357808418891677
978,4,0.0009098874455902484
979,7,0.023483323221322783
980,5,0.012898040817797905
981,5,0.009907574842536444
982,4,-0.010336910535638268
983,5,-0.011682653375732086
984,5,0.029083581004690936
985,3,-0.010145315788012515
986,4,0.07526103349657143
987,5,0.06956929318156288
988,5,-0.034161297614728
989,4,-0.020652123921299146
990,3,0.02650148110165595
991,5,0.029854973873276264
992,5,0.03092809466032295
993,4,-0.010704767727045126
994,5,-0.014235701810108395
995,5,0.020023751253499773
996,2,-0.003577224268266896
997,4,-0.015960791922365467
998,5,0.003221566980154998
999,4,-0.005769374106390514
1000,2,-0.016757865887980665
1001,4,-0.03861150962716792
1002,3,-0.004614629199721985
1003,5,-0.014881862877684705
1004,2,0.026894451022595744
1005,6,0.06344467676714272
1006,7,-0.042727694605586
1007,3,-0.011201293967475226
1008,4,-0.007672574635302576
1009,4,-0.004132415504615047
1010,3,-0.0040559810668543
1011,4,0.014790758811177793
1012,5,0.007378716992087569
1013,6,0.004699164972605642
1014,5,0.05909816355678573
1015,5,0.005601885311070818
1016,5,-0.00018198191115189173
1017,5,0.010254040911798804
1018,5,-0.008794667150225859
1019,7,0.013458353190682374
1020,3,0.00870754086449161
1021,6,-0.03629856180445632
1022,4,-0.007578461666925927
1023,4,-0.036753041025469925
1024,4,-0.002205474026783796
1025,2,-0.009107367179773507
1026,6,0.01416103529301433
1027,4,-0.00871728814906507
1028,5,0.02631126366766876
1029,5,-0.0153534525492505
1030,5,0.012909282184338768
1031,4,0.015436199229098441
1032,6,-0.002627675578563862
1033,4,-0.020129823725309533
1034,3,-0.02532131040128609
1035,5,-0.00923217442934159
1036,4,-0.0008438907449499344
1037,3,0.004815142714402302
1038,6,0.02486976346512064
1039,3,0.0071383860602778695
1040,4,-0.01133565008587795
1041,3,-0.00734674220857451
1042,3,-0.0027070087081584268
1043,6,0.013191196263116026
1044,2,0.005485063962648369
1045,6,-0.0358761989027133
1046,4,-0.017857462495851285
1047,4,0.017319293958170404
1048,5,-0.003504262224877457
1049,3,0.0035181643898449517
1050,3,0.03797460546685168
1051,6,0.025922394294332064
1052,4,-0.01299237335301666
1053,7,0.005869446770404478
1054,3,-0.029032396680545355
1055,4,0.020704406960771908
1056,5,0.007882377652090055
1057,3,-0.017100828850289195
1058,4,-0.013472829754073509
1059,3,0.009883471304726037
1060,5,-0.00677328300245532
1061,4,0.007770258800667623
1062,3,-0.005125202670037495
1063,5,0.002289134272425946
1064,4,-0.006177114102866687
1065,4,0.00029028014125485863
1066,5,0.025484199304578257
1067,4,0.011329383319683434
1068,5,0.013980469823857958
1069,4,0.00020248600900041875
1070,6,-0.016857326538060362
1071,6,0.017682026090094262
1072,5,0.00576701161636873
1073,4,0.017908293099289842
1074,6,0.0048080074130217795
1075,3,0.009365628501664157
1076,6,0.014418565045036713
1077,3,0.022844920166549997
1078,3,0.013883722707175477
1079,5,-0.029639634368358658
1080,6,0.02828314480415779
1081,4,-0.0031031412797730986
1082,3,-0.008717884256554944
1083,6,0.021138125690673488
1084,4,-0.0005394087614394572
1085,3,0.009415103530124019
1086,3,-0.011074671353466401
1087,5,0.008966929847398605
1088,4,-0.00840717247352626
1089,4,0.00100668897338887
1090,5,-0.02231385222414282
1091,4,-0.005492512780282458
1092,6,0.014315935478042276
1093,5,0.027467122038830442
1094,4,-0.014280400798238235
1095,3,-0.004078439004877165
1096,5,-0.009774040768276867
1097,6,-0.005352946169791358
1098,4,0.034998406761269724
1099,7,-0.028739364332080315
1100,4,-0.009246650949621092
1101,5,0.006093687609069969
1102,3,-0.014941359574691192
1103,5,-0.020908707137247313
1104,4,-0.038347505828502215
1105,7,0.008310586491418984
1106,5,0.0006032241409993429
1107,3,-0.010790347760820827
1108,3,0.011477129889602675
1109,5,-0.020128705895777154
1110,4,0.013716469815254333
1111,5,-0.00336679878948824
1112,5,0.02178342541800608
1113,4,-0.005391714975681711
1114,4,0.009659543692447923
1115,4,-0.017495790219661505
1116,5,0.00960753898386747
1117,3,-0.010331332006192814
1118,5,-0.021987341413472705
1119,4,-0.012546612256852425
1120,5,0.008300261404186361
1121,4,-0.02495702858590681
1122,4,0.03070743332613998
1123,2,0.007213443170421065
1124,4,-0.008519537113258074
1125,3,-0.003061822533164855
1126,4,-0.0024571268239620223
1127,5,0.022326817672948633
1128,3,0.01774886732315465
1129,5,-0.028021216239837186
1130,4,0.018362013816184304
1131,7,0.011334487064149024
1132,2,-0.0049969785768929804
1133,6,-0.03585687882141514
1134,4,0.017007702229160523
1135,5,0.03869327917562955
1136,4,0.012401981672736526
1137,4,-0.02722578203060831
1138,3,0.02885732742798938
1139,7,0.012662982503317223
1140,2,0.020986943433230407
1141,3,0.001787810092884977
1142,5,-0.007810552928450521
1143,5,0.022362819149257383
1144,4,0.0026283059234959616
1145,6,0.04152685353544958
1146,3,0.019926341147647873
1147,6,0.02458927067368315
1148,3,-0.003985782834406329
1149,6,-0.004923189889466718
1150,7,-0.014605805341129872
1151,7,0.002365750573808235
1152,4,-0.006928302719658771
1153,4,0.0006340076785493756
1154,2,-0.015337083496761592
1155,4,0.04659910745700923
1156,4,-0.010950799608586866
1157,5,-0.002093456076829635
1158,5,0.007161945241255426
1159,4,-0.013883296220785655
1160,7,0.03653626709224464
1161,4,0.0018529210898344146
1162,4,-0.0110507693031496
1163,5,-0.030058758608995095
1164,3,-0.0008695376335675662
1165,5,0.012305177955858011
1166,5,-0.025446153441227675
1167,3,-0.004589084049720087
1168,4,-0.00692405768615863
1169,5,0.01083987155801143
1170,4,-0.00035413001697124627
1171,6,0.06868222563526297
1172,4,-0.021381240583502943
1173,5,-0.0022793913791915163
1174,3,-0.02228529490323378
1175,1,-0.006070788036517953
1176,3,-0.013938728656196109
1177,4,0.02408660877287422
1178,5,-0.0015891657300348882
1179,6,-0.009826032260796565
1180,4,0.002400022947641005
1181,6,0.02433243717487338
1182,3,0.018292682193629083
1183,3,-0.011847034762186263
1184,5,0.025181799593272512
1185,6,0.0055995499928200845
1186,3,-0.01819891481017448
1187,5,0.02245360153534131
1188,5,0.004702456015118494
1189,4,0.020935235158203544
1190,6,-0.002510126648910919
1191,4,0.04021846940174308
1192,5,0.026503302647261973
1193,4,-0.0028223273920052346
1194,6,0.006147029763542028
1195,4,0.00910044632614269
1196,6,-0.019051240127661018
1197,4,0.006506673891038392
1198,4,0.05087517359734593
1199,3,0.015046041271625985
1200,4,0.0004836661435898899
1201,4,-0.005543302036034035
1202,7,-0.040117642368172446
1203,3,-0.02145648772341663
1204,6,0.028919022923790314
1205,5,-0.022222289054242568
1206,2,-0.0004893252959245827
1207,4,0.004289723842195087
1208,3,-0.021091760026115694
1209,4,0.015565265531767044
1210,5,0.03792799698090965
1211,5,0.06533657801452274
1212,3,-0.004945875138615819
1213,3,0.010963407553769533
1214,3,0.03285737882793113
1215,5,0.01314827132632981
1216,6,0.008956813813238696
1217,6,0.006698406638778844
1218,5,-0.005455308002060421
1219,6,-0.02027661675862325
1220,5,-0.020280390870002985
1221,4,0.020061236845707403
1222,5,0.04817489561943934
1223,6,0.016343221606104488
1224,6,0.0348686494849463
1225,7,0.03979379143056314
1226,5,0.014838378415579253
1227,5,0.0008767004333929964
1228,6,-0.01411697191319686
1229,6,-0.0039217585163752134
1230,6,0.03311079739610944
1231,4,0.022858753204084384
1232,8,0.019496501657533822
1233,5,0.032832707612495356
1234,3,0.01633736898965171
1235,6,0.005519110944488507
1236,3,-0.01415337934814131
1237,5,0.059700312150626746
1238,5,-0.006774669190430712
1239,4,0.004885223552772449
1240,6,0.017960373607414506
1241,5,-0.0036062480558152117
1242,4,0.020005155082279052
1243,3,-0.01887262709170859
1244,6,-0.037222980717399
1245,5,0.018648122790277215
1246,3,0.011096874561391098
1247,2,0.014574544989271023
1248,6,-0.01488451147828363
1249,3,0.03699823959232522
1250,4,0.03977937187756842
1251,4,-0.014608477084594076
1252,5,-0.028545168469769053
1253,4,-0.002870651557464353
1254,3,0.009095787993036446
1255,4,0.012347722159455721
1256,4,-0.028528421696445767
1257,4,0.01018074043633276
1258,5,0.039513672358129706
1259,5,-0.009762417090646455
1260,6,0.025299189799972793
1261,4,-0.0015136901456842134
1262,3,-0.015725666409961418
1263,5,0.01802122364590479
1264,4,0.0074415015258847295
1265,3,0.005226021862185977
1266,5,-0.007803317764764383
1267,5,0.008761406245835657
1268,6,0.0022547538612807533
1269,5,0.00399586342824458
1270,5,0.020298569106687078
1271,6,0.013361149435650456
1272,4,0.02494887507135151
1273,4,0.030261364880423212
1274,5,0.01313244138232553
1275,4,-0.002147126655995029
1276,2,0.0009159239193025009
1277,5,-0.006037197628738992
1278,5,-0.003951532356955336
1279,5,-0.03195052837115813
1280,6,0.04458138959153776
1281,6,0.0017052946874894592
1282,4,-0.020818203596521787
1283,3,0.005974698165149083
1284,5,-0.002283151080155058
1285,3,-0.015635097750800644
1286,4,0.023287208501263514
1287,5,-0.02973966399361732
1288,5,-0.010518693757781306
1289,5,0.004240784245775679
1290,5,-0.02274414329247092
1291,2,0.018852124055061432
1292,3,-0.018569176159978367
1293,6,0.002456357053524031
1294,5,0.029310445064393086
1295,2,0.022021982068176207
1296,6,0.009215858583879188
1297,4,-0.016550533662397515
1298,8,0.016259981222721494
1299,5,0.015182701907307965
1300,4,0.02702521226839174
1301,4,0.05875102586469729
1302,4,0.018023778076667742
1303,3,-0.01274440376492175
1304,4,0.009658859977520081
1305,5,0.02812018299051142
1306,5,0.01180537176111819
1307,4,0.01401272720102455
1308,4,0.007029123629516659
1309,5,0.06481080358119229
1310,6,0.01841461014574939
1311,4,0.02096759616561397
1312,4,0.009613747074095897
1313,6,0.021479930386520078
1314,5,0.019473108623014834
1315,6,0.018273765774195923
1316,4,0.020846222493749452
1317,6,-0.00569670111515145
1318,5,0.013334157430778499
1319,5,-0.013626847286975323
1320,2,-0.00015513733328183658
1321,3,-0.01503364745894395
1322,5,0.007778311089467825
1323,5,-0.006773171445900175
1324,4,-0.002385759838836385
1325,4,0.004959350450350961
1326,5,0.0375556479582475
1327,5,-0.016883076322574384
1328,6,0.003033910370926747
1329,5,-0.00021379942919909258
1330,4,-0.014492052517393238
1331,5,0.02728161365635304
1332,6,0.036260665065621214
1333,4,0.0025722334711320333
1334,6,0.010946548579250474
1335,3,0.018898230371045776
1336,6,-0.013080506794295857
1337,5,0.007621586210850033
1338,6,-0.0004643958536088995
1339,4,-0.008195215523492639
1340,5,0.011593161914148407
1341,5,0.04580931519872558
1342,4,-0.008133358978649405
1343,5,-0.04055131618334208
1344,5,0.009088492618737764
1345,5,0.003587358330125161
1346,5,-0.013292451097197682
1347,5,-0.009655435384876362
1348,4,-0.015224383491327794
1349,4,0.007275972191655795
1350,3,-0.033062177065052024
1351,6,-0.01428385809779239
1352,5,0.026781395238015232
1353,5,-0.011890848660407873
1354,3,0.007993911651900089
1355,6,-0.001267936068317329
1356,5,0.006065091245954246
1357,4,0.022554972586345545
1358,4,0.01752666306793286
1359,6,0.00878355083607655
1360,4,0.012338422019066988
1361,5,-0.015946717370428683
1362,7,-0.014778782713478343
1363,6,0.0406502377271601
1364,6,0.020133696417749754
1365,5,-0.010641703911564339
1366,4,0.007627089853870179
1367,4,-0.01394290883776924
1368,3,0.013411923054664246
1369,5,-0.008610110298029019
1370,5,-0.003571689241569372
1371,4,0.010255184122761564
1372,6,0.018426448169186236
1373,5,-0.026817079744205843
1374,3,-0.0034406315232652328
1375,5,0.01283914324412088
1376,5,0.00022931789863784004
1377,6,0.0004130338742735688
1378,4,0.02662574831548259
1379,5,-0.019290793426860374
1380,5,0.0005254380891082887
1381,7,-0.017006055828852586
1382,4,0.004106826590198983
1383,5,0.019923603925998342
1384,3,-0.0216327753011419
1385,5,-0.003347373140524881
1386,6,-0.011695506810534924
1387,3,0.004292037623186621
1388,3,0.029143545127827023
1389,4,0.007989567577393051
1390,5,-0.002961932563481164
1391,5,-0.015108746278296056
1392,6,0.014668599579663131
1393,6,0.050967104739470644
1394,5,-0.03361827088987653
1395,7,-0.00997003033464277
1396,4,-0.015465046402636582
1397,5,0.02988192309006795
1398,6,0.0519471665220204
1399,5,-0.004628853300347529
1400,5,0.0008857088320501401
1401,6,-0.0055923101757786794
1402,5,0.025962287894548734
1403,5,0.0022751959096016018
1404,5,0.006435047816032944
1405,2,0.0032376437557677467
1406,2,0.0007991220111546914
1407,4,0.005909015647520206
1408,4,0.0015938742986803763
1409,2,-0.002518060698319554
1410,5,-0.011064100946751459
1411,5,0.0068473250520398165
1412,6,-0.006886890419012106
1413,5,-0.007084390175380951
1414,6,-0.02922106536903174
1415,5,-0.015073367063077457
1416,2,0.012945622549912422
1417,5,0.008671221844860987
1418,6,0.08276874836058222
1419,4,0.019193949284281638
1420,4,-0.010810023594629514
1421,4,0.0341608323060177
1422,5,-0.0007459540680567616
1423,3,0.013735757478501346
1424,6,0.01580587342676761
1425,3,-0.007566717742796985
1426,5,0.00909572157561577
1427,5,-0.0189764418641426
1428,5,0.015536112158433202
1429,6,-0.008030743935313354
1430,4,0.03966265135768583
1431,5,0.002689200927412249
1432,4,0.012717572096651813
1433,3,0.03745649687652175
1434,3,0.009590232264257582
1435,7,0.06421738262510604
1436,4,0.022131174347338578
1437,6,0.010087973852869768
1438,2,-0.012584534382750923
1439,5,0.005129499720293755
1440,6,0.015282191042009348
1441,3,-0.023463590987372385
1442,5,-0.009907637347469321
1443,5,0.027569234597341355
1444,7,-0.0008449056155162756
1445,4,0.044025158909951005
1446,6,0.004842023977589159
1447,4,-0.0027477129681612138
1448,6,-0.027910841615057858
1449,4,0.004972765608972416
1450,4,0.018746126127322495
1451,6,0.015721446963135644
1452,4,-0.0073209412723932235
1453,4,-0.016523360888660507
1454,4,0.0139667588402665
1455,3,-0.047384547719831714
1456,6,0.0513862494700693
1457,4,0.00537644237686635
1458,2,0.008819869731935161
1459,5,0.0009346927840235684
1460,3,-0.002947021384666137
1461,5,-0.003582813761743148
1462,4,0.00467430844220442
1463,6,-0.016958668129071257
1464,4,0.013758082185720825
1465,4,-0.0025078336991031405
1466,5,-0.011415484143851308
1467,6,-0.052333354719579846
1468,4,0.007668432217151731
1469,6,0.0006936608570065857
1470,6,-0.018469705441294518
1471,3,0.008564930061587253
1472,4,0.00022825874798831713
1473,6,-0.010600383307846833
1474,4,0.01387048216766379
1475,4,0.016414286276716924
1476,5,0.027264424178375987
1477,4,0.026696822223767184
1478,6,-0.028930098056378178
1479,4,-0.010549047086112075
1480,3,-0.02900176012535056
1481,4,-0.008206702349063082
1482,6,0.009392770202621772
1483,5,0.005018847741852559
1484,4,0.02390349552457026
1485,3,-0.010374338991118219
1486,5,0.01256135963294541
1487,5,0.04677242647064492
1488,7,0.021988337227330124
1489,2,0.0065866553208005765
1490,6,0.01811868390773905
1491,6,-0.009073896378630913
1492,4,0.0026899491988429678
1493,5,0.03330419864029366
1494,2,0.0014305975409667556
1495,3,0.013586697501423316
1496,4,-0.011792212600100828
1497,5,0.0002068243693335693
1498,4,0.024983323794604946
1499,5,0.002036516000710241
1500,5,-0.004692056050848084
1501,4,0.024046351878054484
1502,4,-0.03363992976680623
1503,7,0.03196967108410343
1504,3,0.01141018087415253
1505,3,-0.020425885494370122
1506,5,-0.021060825201109332
1507,5,0.010050364108757266
1508,4,-0.0030394917087940964
1509,4,0.007100569379604485
1510,5,0.026639748032307092
1511,4,-0.010372485391659922
1512,5,-0.006264323604363805
1513,5,0.007552295354265235
1514,5,-0.00934569218195709
1515,6,0.004466645074806509
1516,5,0.029402648093203216
1517,4,-0.0070478658911908515
1518,7,0.02885727121075643
1519,5,0.0076030262731024804
1520,6,0.02931642874475302
1521,4,0.0257728137612047
1522,6,-0.007579114032491363
1523,3,-0.0009382381628271625
1524,5,0.005474502715745174
1525,4,0.014013613068973349
1526,3,-0.0006222694912635331
1527,4,0.007288594824550275
1528,5,0.018648642647255596
1529,5,-0.0037579442944282236
1530,3,-0.01179865664869512
1531,5,-0.00674072508751693
1532,5,-0.01983581770463749
1533,4,-0.0046336753695171515
1534,3,0.05235731939258537
1535,4,0.003884085583600617
1536,6,0.02619021530311957
1537,3,-0.0092635337313037
1538,3,0.0002256915274317153
1539,4,-0.006061556262953909
1540,5,0.011439344955865927
1541,4,0.038045777290975885
1542,5,0.013610036177373028
1543,3,0.0008429845261898692
1544,5,-0.021659990285634537
1545,6,0.008942974165768584
1546,4,0.028926481259036803
1547,4,-0.02251253110715376
1548,3,0.007971299503888783
1549,6,-0.013727180071378568
1550,3,0.03155091326740619
1551,6,-0.019229460204550512
1552,5,0.004239575300567881
1553,4,-0.03131977496334083
1554,7,-0.018048088057106608
1555,5,0.04979734812253574
1556,3,0.010016034692395136
1557,4,-0.0003818596179620771
1558,4,0.00019196985464070684
1559,5,-0.015699677370837394
1560,5,-0.0011807171926338917
1561,5,-0.03361788822813971
1562,4,0.006482242067958038
1563,7,-0.041161641351340796
1564,4,-0.019217962054960677
1565,5,-0.0033898113434057873
1566,5,-0.004820560308652045
1567,6,0.0439801645133175
1568,4,-0.014303262137273289
1569,3,-0.007708482930854492
1570,6,0.021939543158462384
1571,4,-0.009424578703489853
1572,5,0.016443320245129536
1573,4,0.03876155902625257
1574,9,0.022841993942944516
1575,4,0.037611604389430064
1576,5,0.0008431616744735658
1577,5,-0.001304815218092364
1578,5,0.030208266421464222
1579,5,0.019695724706486676
1580,5,-0.008737360222414559
1581,6,0.025094672816383168
1582,4,0.02457220916300766
1583,4,-0.02160321230681637
1584,5,-0.010896521724287282
1585,5,-0.004278377981900265
1586,3,0.01597901801902088
1587,5,-0.025013296587129318
1588,4,0.017281402664491418
1589,5,-0.004725829543408276
1590,5,0.04822463453963879
1591,4,0.0004650974097735267
1592,4,0.013356699608724298
1593,4,0.003925122135131539
1594,1,-0.004820790785757513
1595,4,-0.02484302783673282
1596,7,0.01067948556771501
1597,5,-0.013785596893109313
1598,4,-0.015019108450922115
1599,4,0.016220719902486958
1600,4,-0.001514542961288717
1601,3,0.0006826474274781163
1602,6,0.021543142496534794
1603,4,0.010173651317154553
1604,6,-0.007076217821915336
1605,2,-0.018585975243252246
1606,5,0.01340311160117229
1607,5,-0.00700992412081842
1608,6,0.04286357302388804
1609,5,-0.009550571041202582
1610,3,-0.028547050170782445
1611,2,-0.009662807006368311
1612,4,0.004809656810218119
1613,4,-0.02398224848056889
1614,4,0.029075369633409353
1615,5,-0.005812547489086099
1616,4,0.019275011122996705
1617,4,-0.013456421707039963
1618,6,0.012432237407182127
1619,4,-0.013951067636191233
1620,5,-0.002958717841900375
1621,6,0.03327764585512601
1622,4,-0.024448161516862923
1623,7,-0.017480843862448466
1624,5,0.006828344726451502
1625,6,-0.00258067251143528
1626,5,-0.011022514546853877
1627,5,-0.012676782325227462
1628,4,-0.006068226512866128
1629,3,0.007524494640346534
1630,7,-0.0073663791881863885
1631,6,-0.033163672087417925
1632,4,0.04248325958460322
1633,3,0.017761090315946165
1634,5,0.005656673058421584
1635,4,0.013803244037641766
1636,4,0.008978025450363088
1637,4,-0.013768884795581466
1638,5,-0.00609712230498672
1639,5,0.007137685863217164
1640,5,-0.0067386767429039205
1641,5,0.013977721973718289
1642,3,-0.011246359144706296
1643,5,-0.005239113831964672
1644,3,0.015938147481692692
1645,7,0.023671544203064762
1646,3,-0.010720126630824492
1647,3,0.015507838266336433
1648,5,-0.004829632038405423
1649,5,0.03952794822545278
1650,4,-0.001624308661684708
1651,5,0.009586928645074806
1652,5,0.013575289924956461
1653,6,0.02141504783674505
1654,7,0.0361949755247064
1655,4,-0.0236592141025871
1656,5,-0.02946582620531476
1657,6,-0.009234011995477588
1658,5,-0.01068544581729435
1659,4,0.006376223378481291
1660,5,0.010834774935132225
1661,5,0.015481661454019071
1662,4,0.011429626688535685
1663,3,0.009214410308529375
1664,5,0.008457071018873665
1665,4,-0.010575073190869802
1666,5,0.017109307791999498
1667,3,0.02421636663404341
1668,4,0.005666496565093932
1669,4,-0.015812000145504747
1670,4,0.014474764355195789
1671,4,-0.006734725202704564
1672,5,0.010694567282326125
1673,3,-0.01906669310292301
1674,5,-0.014893974636982787
1675,4,0.017352846332691324
1676,5,0.000922784156505072
1677,6,0.01881810309515572
1678,5,0.019938115552671283
1679,5,-0.02201506067224098
1680,4,-0.007367076475637726
1681,4,-0.014540082512525228
1682,5,0.038251906263813834
1683,4,-0.008731314280724793
1684,5,0.005803669004225631
1685,7,0.030937856858415914
1686,5,0.014661240166428417
1687,5,0.006763092569089258
1688,4,-0.002346240987182321
1689,5,0.006978782778517495
1690,4,-0.03406782704022047
1691,4,0.02769402027675657
1692,2,0.01215590137036628
1693,5,0.01441366659747377
1694,6,0.0565260333889895
1695,5,0.005222924473887777
1696,4,-0.01154337707973923
1697,6,-0.020858947649065703
1698,5,-0.023748095430929206
1699,5,0.019734517624819
1700,4,-0.02270751616350918
1701,3,-0.010283629400093206
1702,3,0.01087244414630011
1703,4,0.01907869214044704
1704,6,0.05909509196102953
1705,5,0.01040004228868723
1706,6,-0.01731719992803177
1707,5,-0.02017290809421304
1708,4,-0.01263460613836235
1709,4,-0.00534164596656342
1710,4,0.00897276195797766
1711,5,0.0020686406618339813
1712,4,-0.0032894164534077444
1713,8,-0.019472414667874572
1714,5,-0.0025530614988505925
1715,6,0.003126932419944197
1716,5,0.017838448283642304
1717,5,-0.0030060009825266863
1718,1,0.003659938272827185
1719,5,-0.007379598859703522
1720,4,0.023521623296961093
1721,6,0.03764126223783674
1722,3,-0.01753137351275144
1723,5,0.023713746850619864
1724,5,-0.0022592319449572444
1725,5,0.012251483190345407
1726,4,0.012024821879918582
1727,4,0.0036918691074039763
1728,6,0.008520578177191797
1729,6,-0.019916995028039054
1730,5,0.01672279292865987
1731,4,0.020922655799226995
1732,4,-0.007253525017272718
1733,6,0.0019159077735845756
1734,4,0.026732967583461886
1735,5,-0.002524192570624919
1736,5,-0.005278555150892815
1737,6,-0.012543976721964653
1738,4,0.009771000215369028
1739,6,0.016421151753691188
1740,6,-0.027296623169022143
1741,4,0.05776860293382694
1742,6,0.0032722402939053285
1743,3,0.015484991313305914
1744,4,0.02044849861610646
1745,4,0.009384581322284492
1746,3,-0.0016261970850585076
1747,4,0.01807517251621445
1748,2,0.004377369378589245
1749,6,-0.00886914491622642
1750,6,-0.011443101690560014
1751,6,-0.0005008691422689417
1752,5,-0.0027760978657985725
1753,3,0.024073741867607204
1754,2,0.0242790472408837
1755,6,0.013884177116786214
1756,3,-0.019849591461114625
1757,4,0.014400952580632759
1758,6,0.026557722956475172
1759,5,-0.0003538739968479399
1760,5,0.029901196318623226
1761,5,-0.009153067779649927
1762,3,0.018403684906570305
1763,6,-0.0036048379873164817
1764,5,0.030295463375554513
1765,3,-0.002644030683991019
1766,5,0.0008487968955435854
1767,5,-0.026135154947988515
1768,5,-0.010599291513681912
1769,5,0.01884358175487293
1770,3,0.010792561678778545
1771,4,0.015105553013491826
1772,3,0.013852414869044392
1773,5,-0.0038417133999263144
1774,4,-0.020364727570366024
1775,6,0.008927310097769396
1776,5,0.007638138307500995
1777,6,-0.01753612621994675
1778,3,-0.005436390377176313
1779,4,0.013346210847603969
1780,5,-0.01943439755907687
1781,3,0.0037204286607227894
1782,6,-0.020635262613294795
1783,7,0.03012298108408887
1784,4,-0.012656765368089963
1785,2,0.02755381255178797
1786,5,-0.013497125452623087
1787,5,0.02792521841189661
1788,3,-0.020647260717341468
1789,5,0.0019928299583195975
1790,5,0.03329806911064985
1791,4,0.038308014862529514
1792,6,0.04437021460099963
1793,5,0.02240142148381077
1794,4,-0.025599180288701208
1795,3,0.0004369800998611226
1796,5,0.024718793112022866
1797,5,-0.020851181095847892
1798,5,-0.023226796309975435
1799,3,-1.8201992049898515e-05
1800,5,-0.03387489142847509
1801,5,0.025181620401623448
1802,4,-0.01622388040572117
1803,4,-0.0050869302627302515
1804,5,-0.0029035439249458336
1805,5,0.018322742175060597
1806,5,-0.006517362500290657
1807,6,-0.017559065165009734
1808,3,-0.0056186667124643415
1809,3,0.011866029230932655
1810,4,-0.0012926330326471654
1811,5,0.0018648268216702795
1812,4,0.003370438155081704
1813,4,-0.009266993504515956
1814,4,0.006750724059312432
1815,4,-0.013976469276710056
1816,4,0.006779036409938499
1817,5,0.00851172642915392
1818,4,-0.002837125873192956
1819,3,0.0073377472747696085
1820,3,0.004661540821831237
1821,6,0.042780072065861784
1822,5,0.008175097859761716
1823,5,-0.010576908745278476
1824,3,0.026580359707892486
1825,4,-0.009501002601749669
1826,5,-0.007752641854373874
1827,5,0.006848814913596758
1828,4,0.007769817105724161
1829,3,0.01777782746467858
1830,4,-0.00904809281146402
1831,4,0.015804429999983802
1832,5,0.0014214537014840126
1833,4,-0.024470320210107494
1834,2,-0.00289494194019234
1835,7,0.014051424592534065
1836,4,0.009654658432753547
1837,6,0.018396874414766107
1838,5,-0.022023112413955576
1839,5,0.013276402157367674
1840,5,0.02174835724906182
1841,7,0.02114961218393883
1842,7,-0.03375569611824134
1843,4,0.05860418245906537
1844,6,0.01606458418202668
1845,5,0.019191768409530883
1846,4,0.0018759929868991023
1847,5,-0.001225329245780925
1848,3,0.014628797582360964
1849,5,0.010321884571877033
1850,6,-0.027039697263803175
1851,4,-0.015669535181314555
1852,7,0.04292948112942313
1853,5,0.01019732058059423
1854,5,-0.007556514600393534
1855,5,-0.00850862315703547
1856,5,0.037075035905539344
1857,5,0.0034695093766145906
1858,3,-0.012667638905220909
1859,4,0.0005344289432446179
1860,4,0.005739809887587989
1861,8,0.049325730989923766
1862,5,0.0468668458341445
1863,3,-0.024395956590667834
1864,6,-0.035795878152879684
1865,4,-0.022096565437442234
1866,3,-0.005053403003706176
1867,6,0.0054467354634346364
1868,3,0.004057052865522387
1869,5,0.013356243702961195
1870,7,-0.016702460433351298
1871,3,-0.01989603476390543
1872,6,0.01980226847215915
1873,5,-0.0053499466518273295
1874,3,0.02841877970389262
1875,5,-0.008977893976711603
1876,6,-0.007385281915520117
1877,2,0.0025425526070791075
1878,5,0.022242552636166937
1879,5,0.03587875096100162
1880,6,0.010851187650614783
1881,6,-0.015519145845361217
1882,3,0.017626174665895486
1883,6,0.0059622259507697666
1884,5,0.03129298584072722
1885,6,0.023985058157450508
1886,4,0.008585927268274443
1887,3,0.015271220728239046
1888,3,-0.009105190215096239
1889,6,0.026620154754063527
1890,5,0.005238660345936305
1891,4,0.009067272958976701
1892,6,0.017769609095436702
1893,4,-0.00819917302300227
1894,4,-0.0035401624315299154
1895,4,-0.0022181672604039636
1896,5,0.00853210869735736
1897,3,0.006699751538679623
1898,5,0.0070966393723383425
1899,5,0.02212409083376345
1900,3,-0.009394629299181794
1901,4,-0.0028907196943222108
1902,5,0.027753871802181442
1903,5,-0.025788058186299527
1904,6,0.014416237278100598
1905,5,0.01570163667102147
1906,4,0.0011729039826155494
1907,5,-0.0007716206464788266
1908,4,0.0008356040782074227
1909,5,0.009001499710465719
1910,5,0.005520193201629073
1911,4,0.00831200787084006
1912,5,0.02010880331153051
1913,6,0.010357410406854152
1914,5,0.015123351573084887
1915,6,0.02688719079408246
1916,5,0.017826726790035188
1917,5,0.0037029255468530742
1918,6,-0.026627016036961715
1919,6,0.01548389819308799
1920,5,-0.005886874129583398
1921,4,-0.025752065549756162
1922,3,0.034571109181264555
1923,6,0.020639911554889194
1924,6,0.013683306776795776
1925,5,-0.0320732267062347
1926,4,-0.019881021547284352
1927,5,-0.018962753291637355
1928,5,-0.020583161914280074
1929,5,0.018938420607461356
1930,5,0.006847761082546108
1931,5,0.009240830454181679
1932,4,-0.016749029632609887
1933,7,-0.004441322478411021
1934,7,0.025328318151374554
1935,4,-0.0016170275965081144
1936,3,0.007343207769046949
1937,4,0.030961922162585337
1938,5,-0.006507515366951332
1939,5,0.037169180712644884
1940,6,0.03067486025606337
1941,5,0.008958541971553031
1942,6,0.004058686513995405
1943,5,-0.0017332383748177402
1944,5,-0.0014094911739261742
1945,4,0.013255215986715956
1946,5,0.008390665130150273
1947,5,0.02879782764302626
1948,3,0.020787920804929215
1949,5,-0.00996620621328171
1950,4,0.03976517350964091
1951,4,0.0024234095576695746
1952,4,-0.008865293951976393
1953,6,0.00854507892588326
1954,4,-0.004639645141955833
1955,4,-2.247424976430473e-06
1956,3,-0.009690201532714935
1957,5,0.015954920391984376
1958,5,0.07154470031267673
1959,4,0.0176307333605419
1960,5,-0.007751820150750532
1961,3,-0.0009842325405557486
1962,5,-0.024688300622160483
1963,6,0.018077632491715935
1964,5,0.02077904587409212
1965,7,-0.025246494295868695
1966,4,0.015091455648350703
1967,5,0.030984480834089702
1968,6,0.0005633035906470398
1969,6,0.0012588120673307937
1970,3,-0.02578108786128562
1971,6,0.026669209158035494
1972,5,-0.009093915612437326
1973,3,0.01392370751519483
1974,5,0.023737018793398915
1975,5,-0.004575891972652836
1976,5,-0.017987429250897656
1977,3,0.001550556921150058
1978,4,0.007459910952607039
1979,5,0.07665074063663142
1980,6,0.010770227808536658
1981,4,0.008860716380842631
1982,5,0.015203222362202378
1983,4,0.03699237692878322
1984,3,0.0001048601754928423
1985,6,0.015323966052015298
1986,7,-0.021853568341680046
1987,6,0.013505517190073263
1988,6,0.002060009768412863
1989,6,-0.011331998252728034
1990,4,0.0070271919339669805
1991,7,0.006767093338926562
1992,3,0.011551152115180924
1993,5,0.003727973627838518
1994,4,0.022258419205491806
1995,6,-0.02221990875325131
1996,3,-0.007111272149473945
1997,3,0.011288238879075952
1998,3,5.577216984508573e-05
1999,5,-0.0076228953011678304
